mean_roz,sigma_roz,mu_sig_addr,sigma_eta
0,0,0,0
0,1,1,1
0,2,2,2
0,3,3,3
0,4,4,4
0,5,5,6
0,6,6,7
0,7,7,8
0,8,8,9
0,9,9,11
0,10,10,12
0,11,11,13
0,12,12,14
0,13,13,15
0,14,14,17
0,15,15,18
0,16,16,19
0,17,17,20
0,18,18,22
0,19,19,23
0,20,20,24
0,21,21,25
0,22,22,26
0,23,23,28
0,24,24,29
0,25,25,30
0,26,26,31
0,27,27,31
0,28,28,31
0,29,29,31
0,30,30,31
0,31,31,31
0,32,32,31
0,33,33,31
0,34,34,31
0,35,35,31
0,36,36,31
0,37,37,31
0,38,38,31
0,39,39,31
0,40,40,31
0,41,41,31
0,42,42,31
0,43,43,31
0,44,44,31
0,45,45,31
0,46,46,31
0,47,47,31
0,48,48,31
0,49,49,31
0,50,50,31
0,51,51,31
0,52,52,31
0,53,53,31
0,54,54,31
0,55,55,31
0,56,56,31
0,57,57,31
0,58,58,31
0,59,59,31
0,60,60,31
0,61,61,31
0,62,62,31
0,63,63,31
1,0,64,0
1,1,65,1
1,2,66,2
1,3,67,3
1,4,68,4
1,5,69,5
1,6,70,6
1,7,71,7
1,8,72,9
1,9,73,10
1,10,74,11
1,11,75,12
1,12,76,13
1,13,77,14
1,14,78,15
1,15,79,16
1,16,80,18
1,17,81,19
1,18,82,20
1,19,83,21
1,20,84,22
1,21,85,23
1,22,86,24
1,23,87,26
1,24,88,27
1,25,89,28
1,26,90,29
1,27,91,30
1,28,92,31
1,29,93,31
1,30,94,31
1,31,95,31
1,32,96,31
1,33,97,31
1,34,98,31
1,35,99,31
1,36,100,31
1,37,101,31
1,38,102,31
1,39,103,31
1,40,104,31
1,41,105,31
1,42,106,31
1,43,107,31
1,44,108,31
1,45,109,31
1,46,110,31
1,47,111,31
1,48,112,31
1,49,113,31
1,50,114,31
1,51,115,31
1,52,116,31
1,53,117,31
1,54,118,31
1,55,119,31
1,56,120,31
1,57,121,31
1,58,122,31
1,59,123,31
1,60,124,31
1,61,125,31
1,62,126,31
1,63,127,31
2,0,128,0
2,1,129,1
2,2,130,2
2,3,131,3
2,4,132,4
2,5,133,5
2,6,134,6
2,7,135,7
2,8,136,8
2,9,137,9
2,10,138,10
2,11,139,11
2,12,140,12
2,13,141,13
2,14,142,14
2,15,143,15
2,16,144,16
2,17,145,17
2,18,146,18
2,19,147,19
2,20,148,21
2,21,149,22
2,22,150,23
2,23,151,24
2,24,152,25
2,25,153,26
2,26,154,27
2,27,155,28
2,28,156,29
2,29,157,30
2,30,158,31
2,31,159,31
2,32,160,31
2,33,161,31
2,34,162,31
2,35,163,31
2,36,164,31
2,37,165,31
2,38,166,31
2,39,167,31
2,40,168,31
2,41,169,31
2,42,170,31
2,43,171,31
2,44,172,31
2,45,173,31
2,46,174,31
2,47,175,31
2,48,176,31
2,49,177,31
2,50,178,31
2,51,179,31
2,52,180,31
2,53,181,31
2,54,182,31
2,55,183,31
2,56,184,31
2,57,185,31
2,58,186,31
2,59,187,31
2,60,188,31
2,61,189,31
2,62,190,31
2,63,191,31
3,0,192,0
3,1,193,0
3,2,194,1
3,3,195,2
3,4,196,3
3,5,197,4
3,6,198,5
3,7,199,6
3,8,200,7
3,9,201,8
3,10,202,9
3,11,203,10
3,12,204,11
3,13,205,12
3,14,206,13
3,15,207,14
3,16,208,15
3,17,209,16
3,18,210,17
3,19,211,18
3,20,212,19
3,21,213,20
3,22,214,21
3,23,215,22
3,24,216,23
3,25,217,24
3,26,218,25
3,27,219,26
3,28,220,27
3,29,221,28
3,30,222,29
3,31,223,30
3,32,224,31
3,33,225,31
3,34,226,31
3,35,227,31
3,36,228,31
3,37,229,31
3,38,230,31
3,39,231,31
3,40,232,31
3,41,233,31
3,42,234,31
3,43,235,31
3,44,236,31
3,45,237,31
3,46,238,31
3,47,239,31
3,48,240,31
3,49,241,31
3,50,242,31
3,51,243,31
3,52,244,31
3,53,245,31
3,54,246,31
3,55,247,31
3,56,248,31
3,57,249,31
3,58,250,31
3,59,251,31
3,60,252,31
3,61,253,31
3,62,254,31
3,63,255,31
4,0,256,0
4,1,257,0
4,2,258,1
4,3,259,2
4,4,260,3
4,5,261,4
4,6,262,5
4,7,263,6
4,8,264,7
4,9,265,8
4,10,266,9
4,11,267,10
4,12,268,11
4,13,269,11
4,14,270,12
4,15,271,13
4,16,272,14
4,17,273,15
4,18,274,16
4,19,275,17
4,20,276,18
4,21,277,19
4,22,278,20
4,23,279,21
4,24,280,22
4,25,281,23
4,26,282,23
4,27,283,24
4,28,284,25
4,29,285,26
4,30,286,27
4,31,287,28
4,32,288,29
4,33,289,30
4,34,290,31
4,35,291,31
4,36,292,31
4,37,293,31
4,38,294,31
4,39,295,31
4,40,296,31
4,41,297,31
4,42,298,31
4,43,299,31
4,44,300,31
4,45,301,31
4,46,302,31
4,47,303,31
4,48,304,31
4,49,305,31
4,50,306,31
4,51,307,31
4,52,308,31
4,53,309,31
4,54,310,31
4,55,311,31
4,56,312,31
4,57,313,31
4,58,314,31
4,59,315,31
4,60,316,31
4,61,317,31
4,62,318,31
4,63,319,31
5,0,320,0
5,1,321,0
5,2,322,1
5,3,323,2
5,4,324,3
5,5,325,4
5,6,326,5
5,7,327,6
5,8,328,6
5,9,329,7
5,10,330,8
5,11,331,9
5,12,332,10
5,13,333,11
5,14,334,12
5,15,335,13
5,16,336,13
5,17,337,14
5,18,338,15
5,19,339,16
5,20,340,17
5,21,341,18
5,22,342,19
5,23,343,19
5,24,344,20
5,25,345,21
5,26,346,22
5,27,347,23
5,28,348,24
5,29,349,25
5,30,350,26
5,31,351,26
5,32,352,27
5,33,353,28
5,34,354,29
5,35,355,30
5,36,356,31
5,37,357,31
5,38,358,31
5,39,359,31
5,40,360,31
5,41,361,31
5,42,362,31
5,43,363,31
5,44,364,31
5,45,365,31
5,46,366,31
5,47,367,31
5,48,368,31
5,49,369,31
5,50,370,31
5,51,371,31
5,52,372,31
5,53,373,31
5,54,374,31
5,55,375,31
5,56,376,31
5,57,377,31
5,58,378,31
5,59,379,31
5,60,380,31
5,61,381,31
5,62,382,31
5,63,383,31
6,0,384,0
6,1,385,0
6,2,386,1
6,3,387,2
6,4,388,3
6,5,389,4
6,6,390,4
6,7,391,5
6,8,392,6
6,9,393,7
6,10,394,8
6,11,395,9
6,12,396,9
6,13,397,10
6,14,398,11
6,15,399,12
6,16,400,13
6,17,401,13
6,18,402,14
6,19,403,15
6,20,404,16
6,21,405,17
6,22,406,18
6,23,407,18
6,24,408,19
6,25,409,20
6,26,410,21
6,27,411,22
6,28,412,22
6,29,413,23
6,30,414,24
6,31,415,25
6,32,416,26
6,33,417,27
6,34,418,27
6,35,419,28
6,36,420,29
6,37,421,30
6,38,422,31
6,39,423,31
6,40,424,31
6,41,425,31
6,42,426,31
6,43,427,31
6,44,428,31
6,45,429,31
6,46,430,31
6,47,431,31
6,48,432,31
6,49,433,31
6,50,434,31
6,51,435,31
6,52,436,31
6,53,437,31
6,54,438,31
6,55,439,31
6,56,440,31
6,57,441,31
6,58,442,31
6,59,443,31
6,60,444,31
6,61,445,31
6,62,446,31
6,63,447,31
7,0,448,0
7,1,449,0
7,2,450,1
7,3,451,2
7,4,452,3
7,5,453,3
7,6,454,4
7,7,455,5
7,8,456,6
7,9,457,7
7,10,458,7
7,11,459,8
7,12,460,9
7,13,461,10
7,14,462,10
7,15,463,11
7,16,464,12
7,17,465,13
7,18,466,14
7,19,467,14
7,20,468,15
7,21,469,16
7,22,470,17
7,23,471,17
7,24,472,18
7,25,473,19
7,26,474,20
7,27,475,21
7,28,476,21
7,29,477,22
7,30,478,23
7,31,479,24
7,32,480,24
7,33,481,25
7,34,482,26
7,35,483,27
7,36,484,28
7,37,485,28
7,38,486,29
7,39,487,30
7,40,488,31
7,41,489,31
7,42,490,31
7,43,491,31
7,44,492,31
7,45,493,31
7,46,494,31
7,47,495,31
7,48,496,31
7,49,497,31
7,50,498,31
7,51,499,31
7,52,500,31
7,53,501,31
7,54,502,31
7,55,503,31
7,56,504,31
7,57,505,31
7,58,506,31
7,59,507,31
7,60,508,31
7,61,509,31
7,62,510,31
7,63,511,31
8,0,512,0
8,1,513,0
8,2,514,1
8,3,515,2
8,4,516,2
8,5,517,3
8,6,518,4
8,7,519,5
8,8,520,5
8,9,521,6
8,10,522,7
8,11,523,8
8,12,524,8
8,13,525,9
8,14,526,10
8,15,527,11
8,16,528,11
8,17,529,12
8,18,530,13
8,19,531,14
8,20,532,14
8,21,533,15
8,22,534,16
8,23,535,17
8,24,536,17
8,25,537,18
8,26,538,19
8,27,539,19
8,28,540,20
8,29,541,21
8,30,542,22
8,31,543,22
8,32,544,23
8,33,545,24
8,34,546,25
8,35,547,25
8,36,548,26
8,37,549,27
8,38,550,28
8,39,551,28
8,40,552,29
8,41,553,30
8,42,554,31
8,43,555,31
8,44,556,31
8,45,557,31
8,46,558,31
8,47,559,31
8,48,560,31
8,49,561,31
8,50,562,31
8,51,563,31
8,52,564,31
8,53,565,31
8,54,566,31
8,55,567,31
8,56,568,31
8,57,569,31
8,58,570,31
8,59,571,31
8,60,572,31
8,61,573,31
8,62,574,31
8,63,575,31
9,0,576,0
9,1,577,0
9,2,578,1
9,3,579,2
9,4,580,2
9,5,581,3
9,6,582,4
9,7,583,4
9,8,584,5
9,9,585,6
9,10,586,7
9,11,587,7
9,12,588,8
9,13,589,9
9,14,590,9
9,15,591,10
9,16,592,11
9,17,593,11
9,18,594,12
9,19,595,13
9,20,596,14
9,21,597,14
9,22,598,15
9,23,599,16
9,24,600,16
9,25,601,17
9,26,602,18
9,27,603,19
9,28,604,19
9,29,605,20
9,30,606,21
9,31,607,21
9,32,608,22
9,33,609,23
9,34,610,23
9,35,611,24
9,36,612,25
9,37,613,26
9,38,614,26
9,39,615,27
9,40,616,28
9,41,617,28
9,42,618,29
9,43,619,30
9,44,620,30
9,45,621,31
9,46,622,31
9,47,623,31
9,48,624,31
9,49,625,31
9,50,626,31
9,51,627,31
9,52,628,31
9,53,629,31
9,54,630,31
9,55,631,31
9,56,632,31
9,57,633,31
9,58,634,31
9,59,635,31
9,60,636,31
9,61,637,31
9,62,638,31
9,63,639,31
10,0,640,0
10,1,641,0
10,2,642,1
10,3,643,2
10,4,644,2
10,5,645,3
10,6,646,4
10,7,647,4
10,8,648,5
10,9,649,6
10,10,650,6
10,11,651,7
10,12,652,8
10,13,653,8
10,14,654,9
10,15,655,10
10,16,656,10
10,17,657,11
10,18,658,12
10,19,659,12
10,20,660,13
10,21,661,14
10,22,662,14
10,23,663,15
10,24,664,16
10,25,665,16
10,26,666,17
10,27,667,18
10,28,668,18
10,29,669,19
10,30,670,20
10,31,671,20
10,32,672,21
10,33,673,22
10,34,674,22
10,35,675,23
10,36,676,24
10,37,677,24
10,38,678,25
10,39,679,26
10,40,680,26
10,41,681,27
10,42,682,28
10,43,683,28
10,44,684,29
10,45,685,30
10,46,686,30
10,47,687,31
10,48,688,31
10,49,689,31
10,50,690,31
10,51,691,31
10,52,692,31
10,53,693,31
10,54,694,31
10,55,695,31
10,56,696,31
10,57,697,31
10,58,698,31
10,59,699,31
10,60,700,31
10,61,701,31
10,62,702,31
10,63,703,31
11,0,704,0
11,1,705,0
11,2,706,1
11,3,707,1
11,4,708,2
11,5,709,3
11,6,710,3
11,7,711,4
11,8,712,5
11,9,713,5
11,10,714,6
11,11,715,7
11,12,716,7
11,13,717,8
11,14,718,8
11,15,719,9
11,16,720,10
11,17,721,10
11,18,722,11
11,19,723,12
11,20,724,12
11,21,725,13
11,22,726,14
11,23,727,14
11,24,728,15
11,25,729,16
11,26,730,16
11,27,731,17
11,28,732,17
11,29,733,18
11,30,734,19
11,31,735,19
11,32,736,20
11,33,737,21
11,34,738,21
11,35,739,22
11,36,740,23
11,37,741,23
11,38,742,24
11,39,743,25
11,40,744,25
11,41,745,26
11,42,746,26
11,43,747,27
11,44,748,28
11,45,749,28
11,46,750,29
11,47,751,30
11,48,752,30
11,49,753,31
11,50,754,31
11,51,755,31
11,52,756,31
11,53,757,31
11,54,758,31
11,55,759,31
11,56,760,31
11,57,761,31
11,58,762,31
11,59,763,31
11,60,764,31
11,61,765,31
11,62,766,31
11,63,767,31
12,0,768,0
12,1,769,0
12,2,770,1
12,3,771,1
12,4,772,2
12,5,773,3
12,6,774,3
12,7,775,4
12,8,776,4
12,9,777,5
12,10,778,6
12,11,779,6
12,12,780,7
12,13,781,8
12,14,782,8
12,15,783,9
12,16,784,9
12,17,785,10
12,18,786,11
12,19,787,11
12,20,788,12
12,21,789,12
12,22,790,13
12,23,791,14
12,24,792,14
12,25,793,15
12,26,794,16
12,27,795,16
12,28,796,17
12,29,797,17
12,30,798,18
12,31,799,19
12,32,800,19
12,33,801,20
12,34,802,20
12,35,803,21
12,36,804,22
12,37,805,22
12,38,806,23
12,39,807,24
12,40,808,24
12,41,809,25
12,42,810,25
12,43,811,26
12,44,812,27
12,45,813,27
12,46,814,28
12,47,815,28
12,48,816,29
12,49,817,30
12,50,818,30
12,51,819,31
12,52,820,31
12,53,821,31
12,54,822,31
12,55,823,31
12,56,824,31
12,57,825,31
12,58,826,31
12,59,827,31
12,60,828,31
12,61,829,31
12,62,830,31
12,63,831,31
13,0,832,0
13,1,833,0
13,2,834,1
13,3,835,1
13,4,836,2
13,5,837,2
13,6,838,3
13,7,839,4
13,8,840,4
13,9,841,5
13,10,842,5
13,11,843,6
13,12,844,7
13,13,845,7
13,14,846,8
13,15,847,8
13,16,848,9
13,17,849,10
13,18,850,10
13,19,851,11
13,20,852,11
13,21,853,12
13,22,854,13
13,23,855,13
13,24,856,14
13,25,857,14
13,26,858,15
13,27,859,15
13,28,860,16
13,29,861,17
13,30,862,17
13,31,863,18
13,32,864,18
13,33,865,19
13,34,866,20
13,35,867,20
13,36,868,21
13,37,869,21
13,38,870,22
13,39,871,23
13,40,872,23
13,41,873,24
13,42,874,24
13,43,875,25
13,44,876,26
13,45,877,26
13,46,878,27
13,47,879,27
13,48,880,28
13,49,881,28
13,50,882,29
13,51,883,30
13,52,884,30
13,53,885,31
13,54,886,31
13,55,887,31
13,56,888,31
13,57,889,31
13,58,890,31
13,59,891,31
13,60,892,31
13,61,893,31
13,62,894,31
13,63,895,31
14,0,896,0
14,1,897,0
14,2,898,1
14,3,899,1
14,4,900,2
14,5,901,2
14,6,902,3
14,7,903,3
14,8,904,4
14,9,905,5
14,10,906,5
14,11,907,6
14,12,908,6
14,13,909,7
14,14,910,7
14,15,911,8
14,16,912,9
14,17,913,9
14,18,914,10
14,19,915,10
14,20,916,11
14,21,917,11
14,22,918,12
14,23,919,13
14,24,920,13
14,25,921,14
14,26,922,14
14,27,923,15
14,28,924,15
14,29,925,16
14,30,926,17
14,31,927,17
14,32,928,18
14,33,929,18
14,34,930,19
14,35,931,19
14,36,932,20
14,37,933,21
14,38,934,21
14,39,935,22
14,40,936,22
14,41,937,23
14,42,938,23
14,43,939,24
14,44,940,24
14,45,941,25
14,46,942,26
14,47,943,26
14,48,944,27
14,49,945,27
14,50,946,28
14,51,947,28
14,52,948,29
14,53,949,30
14,54,950,30
14,55,951,31
14,56,952,31
14,57,953,31
14,58,954,31
14,59,955,31
14,60,956,31
14,61,957,31
14,62,958,31
14,63,959,31
15,0,960,0
15,1,961,0
15,2,962,1
15,3,963,1
15,4,964,2
15,5,965,2
15,6,966,3
15,7,967,3
15,8,968,4
15,9,969,4
15,10,970,5
15,11,971,6
15,12,972,6
15,13,973,7
15,14,974,7
15,15,975,8
15,16,976,8
15,17,977,9
15,18,978,9
15,19,979,10
15,20,980,10
15,21,981,11
15,22,982,12
15,23,983,12
15,24,984,13
15,25,985,13
15,26,986,14
15,27,987,14
15,28,988,15
15,29,989,15
15,30,990,16
15,31,991,16
15,32,992,17
15,33,993,18
15,34,994,18
15,35,995,19
15,36,996,19
15,37,997,20
15,38,998,20
15,39,999,21
15,40,1000,21
15,41,1001,22
15,42,1002,22
15,43,1003,23
15,44,1004,24
15,45,1005,24
15,46,1006,25
15,47,1007,25
15,48,1008,26
15,49,1009,26
15,50,1010,27
15,51,1011,27
15,52,1012,28
15,53,1013,28
15,54,1014,29
15,55,1015,30
15,56,1016,30
15,57,1017,31
15,58,1018,31
15,59,1019,31
15,60,1020,31
15,61,1021,31
15,62,1022,31
15,63,1023,31
16,0,1024,0
16,1,1025,0
16,2,1026,1
16,3,1027,1
16,4,1028,2
16,5,1029,2
16,6,1030,3
16,7,1031,3
16,8,1032,4
16,9,1033,4
16,10,1034,5
16,11,1035,5
16,12,1036,6
16,13,1037,6
16,14,1038,7
16,15,1039,7
16,16,1040,8
16,17,1041,8
16,18,1042,9
16,19,1043,10
16,20,1044,10
16,21,1045,11
16,22,1046,11
16,23,1047,12
16,24,1048,12
16,25,1049,13
16,26,1050,13
16,27,1051,14
16,28,1052,14
16,29,1053,15
16,30,1054,15
16,31,1055,16
16,32,1056,16
16,33,1057,17
16,34,1058,17
16,35,1059,18
16,36,1060,18
16,37,1061,19
16,38,1062,20
16,39,1063,20
16,40,1064,21
16,41,1065,21
16,42,1066,22
16,43,1067,22
16,44,1068,23
16,45,1069,23
16,46,1070,24
16,47,1071,24
16,48,1072,25
16,49,1073,25
16,50,1074,26
16,51,1075,26
16,52,1076,27
16,53,1077,27
16,54,1078,28
16,55,1079,28
16,56,1080,29
16,57,1081,30
16,58,1082,30
16,59,1083,31
16,60,1084,31
16,61,1085,31
16,62,1086,31
16,63,1087,31
17,0,1088,0
17,1,1089,0
17,2,1090,1
17,3,1091,1
17,4,1092,2
17,5,1093,2
17,6,1094,3
17,7,1095,3
17,8,1096,4
17,9,1097,4
17,10,1098,5
17,11,1099,5
17,12,1100,6
17,13,1101,6
17,14,1102,7
17,15,1103,7
17,16,1104,8
17,17,1105,8
17,18,1106,9
17,19,1107,9
17,20,1108,10
17,21,1109,10
17,22,1110,11
17,23,1111,11
17,24,1112,12
17,25,1113,12
17,26,1114,13
17,27,1115,13
17,28,1116,14
17,29,1117,14
17,30,1118,15
17,31,1119,15
17,32,1120,16
17,33,1121,16
17,34,1122,17
17,35,1123,17
17,36,1124,18
17,37,1125,18
17,38,1126,19
17,39,1127,19
17,40,1128,20
17,41,1129,20
17,42,1130,21
17,43,1131,21
17,44,1132,22
17,45,1133,22
17,46,1134,23
17,47,1135,23
17,48,1136,24
17,49,1137,24
17,50,1138,25
17,51,1139,25
17,52,1140,26
17,53,1141,26
17,54,1142,27
17,55,1143,27
17,56,1144,28
17,57,1145,28
17,58,1146,29
17,59,1147,29
17,60,1148,30
17,61,1149,31
17,62,1150,31
17,63,1151,31
18,0,1152,0
18,1,1153,0
18,2,1154,0
18,3,1155,1
18,4,1156,1
18,5,1157,2
18,6,1158,2
18,7,1159,3
18,8,1160,3
18,9,1161,4
18,10,1162,4
18,11,1163,5
18,12,1164,5
18,13,1165,6
18,14,1166,6
18,15,1167,7
18,16,1168,7
18,17,1169,8
18,18,1170,8
18,19,1171,9
18,20,1172,9
18,21,1173,10
18,22,1174,10
18,23,1175,11
18,24,1176,11
18,25,1177,12
18,26,1178,12
18,27,1179,13
18,28,1180,13
18,29,1181,14
18,30,1182,14
18,31,1183,15
18,32,1184,15
18,33,1185,16
18,34,1186,16
18,35,1187,17
18,36,1188,17
18,37,1189,18
18,38,1190,18
18,39,1191,19
18,40,1192,19
18,41,1193,20
18,42,1194,20
18,43,1195,21
18,44,1196,21
18,45,1197,22
18,46,1198,22
18,47,1199,23
18,48,1200,23
18,49,1201,24
18,50,1202,24
18,51,1203,25
18,52,1204,25
18,53,1205,26
18,54,1206,26
18,55,1207,27
18,56,1208,27
18,57,1209,27
18,58,1210,28
18,59,1211,28
18,60,1212,29
18,61,1213,29
18,62,1214,30
18,63,1215,30
19,0,1216,0
19,1,1217,0
19,2,1218,0
19,3,1219,1
19,4,1220,1
19,5,1221,2
19,6,1222,2
19,7,1223,3
19,8,1224,3
19,9,1225,4
19,10,1226,4
19,11,1227,5
19,12,1228,5
19,13,1229,6
19,14,1230,6
19,15,1231,7
19,16,1232,7
19,17,1233,8
19,18,1234,8
19,19,1235,9
19,20,1236,9
19,21,1237,9
19,22,1238,10
19,23,1239,10
19,24,1240,11
19,25,1241,11
19,26,1242,12
19,27,1243,12
19,28,1244,13
19,29,1245,13
19,30,1246,14
19,31,1247,14
19,32,1248,15
19,33,1249,15
19,34,1250,16
19,35,1251,16
19,36,1252,17
19,37,1253,17
19,38,1254,18
19,39,1255,18
19,40,1256,18
19,41,1257,19
19,42,1258,19
19,43,1259,20
19,44,1260,20
19,45,1261,21
19,46,1262,21
19,47,1263,22
19,48,1264,22
19,49,1265,23
19,50,1266,23
19,51,1267,24
19,52,1268,24
19,53,1269,25
19,54,1270,25
19,55,1271,26
19,56,1272,26
19,57,1273,27
19,58,1274,27
19,59,1275,28
19,60,1276,28
19,61,1277,28
19,62,1278,29
19,63,1279,29
20,0,1280,0
20,1,1281,0
20,2,1282,0
20,3,1283,1
20,4,1284,1
20,5,1285,2
20,6,1286,2
20,7,1287,3
20,8,1288,3
20,9,1289,4
20,10,1290,4
20,11,1291,5
20,12,1292,5
20,13,1293,5
20,14,1294,6
20,15,1295,6
20,16,1296,7
20,17,1297,7
20,18,1298,8
20,19,1299,8
20,20,1300,9
20,21,1301,9
20,22,1302,10
20,23,1303,10
20,24,1304,11
20,25,1305,11
20,26,1306,11
20,27,1307,12
20,28,1308,12
20,29,1309,13
20,30,1310,13
20,31,1311,14
20,32,1312,14
20,33,1313,15
20,34,1314,15
20,35,1315,16
20,36,1316,16
20,37,1317,17
20,38,1318,17
20,39,1319,17
20,40,1320,18
20,41,1321,18
20,42,1322,19
20,43,1323,19
20,44,1324,20
20,45,1325,20
20,46,1326,21
20,47,1327,21
20,48,1328,22
20,49,1329,22
20,50,1330,22
20,51,1331,23
20,52,1332,23
20,53,1333,24
20,54,1334,24
20,55,1335,25
20,56,1336,25
20,57,1337,26
20,58,1338,26
20,59,1339,27
20,60,1340,27
20,61,1341,28
20,62,1342,28
20,63,1343,28
21,0,1344,0
21,1,1345,0
21,2,1346,0
21,3,1347,1
21,4,1348,1
21,5,1349,2
21,6,1350,2
21,7,1351,3
21,8,1352,3
21,9,1353,4
21,10,1354,4
21,11,1355,4
21,12,1356,5
21,13,1357,5
21,14,1358,6
21,15,1359,6
21,16,1360,7
21,17,1361,7
21,18,1362,8
21,19,1363,8
21,20,1364,8
21,21,1365,9
21,22,1366,9
21,23,1367,10
21,24,1368,10
21,25,1369,11
21,26,1370,11
21,27,1371,12
21,28,1372,12
21,29,1373,12
21,30,1374,13
21,31,1375,13
21,32,1376,14
21,33,1377,14
21,34,1378,15
21,35,1379,15
21,36,1380,16
21,37,1381,16
21,38,1382,16
21,39,1383,17
21,40,1384,17
21,41,1385,18
21,42,1386,18
21,43,1387,19
21,44,1388,19
21,45,1389,20
21,46,1390,20
21,47,1391,20
21,48,1392,21
21,49,1393,21
21,50,1394,22
21,51,1395,22
21,52,1396,23
21,53,1397,23
21,54,1398,24
21,55,1399,24
21,56,1400,24
21,57,1401,25
21,58,1402,25
21,59,1403,26
21,60,1404,26
21,61,1405,27
21,62,1406,27
21,63,1407,28
22,0,1408,0
22,1,1409,0
22,2,1410,0
22,3,1411,1
22,4,1412,1
22,5,1413,2
22,6,1414,2
22,7,1415,3
22,8,1416,3
22,9,1417,3
22,10,1418,4
22,11,1419,4
22,12,1420,5
22,13,1421,5
22,14,1422,6
22,15,1423,6
22,16,1424,6
22,17,1425,7
22,18,1426,7
22,19,1427,8
22,20,1428,8
22,21,1429,9
22,22,1430,9
22,23,1431,9
22,24,1432,10
22,25,1433,10
22,26,1434,11
22,27,1435,11
22,28,1436,12
22,29,1437,12
22,30,1438,12
22,31,1439,13
22,32,1440,13
22,33,1441,14
22,34,1442,14
22,35,1443,15
22,36,1444,15
22,37,1445,15
22,38,1446,16
22,39,1447,16
22,40,1448,17
22,41,1449,17
22,42,1450,18
22,43,1451,18
22,44,1452,18
22,45,1453,19
22,46,1454,19
22,47,1455,20
22,48,1456,20
22,49,1457,21
22,50,1458,21
22,51,1459,22
22,52,1460,22
22,53,1461,22
22,54,1462,23
22,55,1463,23
22,56,1464,24
22,57,1465,24
22,58,1466,25
22,59,1467,25
22,60,1468,25
22,61,1469,26
22,62,1470,26
22,63,1471,27
23,0,1472,0
23,1,1473,0
23,2,1474,0
23,3,1475,1
23,4,1476,1
23,5,1477,2
23,6,1478,2
23,7,1479,2
23,8,1480,3
23,9,1481,3
23,10,1482,4
23,11,1483,4
23,12,1484,5
23,13,1485,5
23,14,1486,5
23,15,1487,6
23,16,1488,6
23,17,1489,7
23,18,1490,7
23,19,1491,7
23,20,1492,8
23,21,1493,8
23,22,1494,9
23,23,1495,9
23,24,1496,10
23,25,1497,10
23,26,1498,10
23,27,1499,11
23,28,1500,11
23,29,1501,12
23,30,1502,12
23,31,1503,12
23,32,1504,13
23,33,1505,13
23,34,1506,14
23,35,1507,14
23,36,1508,15
23,37,1509,15
23,38,1510,15
23,39,1511,16
23,40,1512,16
23,41,1513,17
23,42,1514,17
23,43,1515,18
23,44,1516,18
23,45,1517,18
23,46,1518,19
23,47,1519,19
23,48,1520,20
23,49,1521,20
23,50,1522,20
23,51,1523,21
23,52,1524,21
23,53,1525,22
23,54,1526,22
23,55,1527,23
23,56,1528,23
23,57,1529,23
23,58,1530,24
23,59,1531,24
23,60,1532,25
23,61,1533,25
23,62,1534,25
23,63,1535,26
24,0,1536,0
24,1,1537,0
24,2,1538,0
24,3,1539,1
24,4,1540,1
24,5,1541,2
24,6,1542,2
24,7,1543,2
24,8,1544,3
24,9,1545,3
24,10,1546,4
24,11,1547,4
24,12,1548,4
24,13,1549,5
24,14,1550,5
24,15,1551,6
24,16,1552,6
24,17,1553,6
24,18,1554,7
24,19,1555,7
24,20,1556,8
24,21,1557,8
24,22,1558,8
24,23,1559,9
24,24,1560,9
24,25,1561,10
24,26,1562,10
24,27,1563,10
24,28,1564,11
24,29,1565,11
24,30,1566,12
24,31,1567,12
24,32,1568,13
24,33,1569,13
24,34,1570,13
24,35,1571,14
24,36,1572,14
24,37,1573,15
24,38,1574,15
24,39,1575,15
24,40,1576,16
24,41,1577,16
24,42,1578,17
24,43,1579,17
24,44,1580,17
24,45,1581,18
24,46,1582,18
24,47,1583,19
24,48,1584,19
24,49,1585,19
24,50,1586,20
24,51,1587,20
24,52,1588,21
24,53,1589,21
24,54,1590,21
24,55,1591,22
24,56,1592,22
24,57,1593,23
24,58,1594,23
24,59,1595,24
24,60,1596,24
24,61,1597,24
24,62,1598,25
24,63,1599,25
25,0,1600,0
25,1,1601,0
25,2,1602,0
25,3,1603,1
25,4,1604,1
25,5,1605,1
25,6,1606,2
25,7,1607,2
25,8,1608,3
25,9,1609,3
25,10,1610,3
25,11,1611,4
25,12,1612,4
25,13,1613,5
25,14,1614,5
25,15,1615,5
25,16,1616,6
25,17,1617,6
25,18,1618,7
25,19,1619,7
25,20,1620,7
25,21,1621,8
25,22,1622,8
25,23,1623,9
25,24,1624,9
25,25,1625,9
25,26,1626,10
25,27,1627,10
25,28,1628,11
25,29,1629,11
25,30,1630,11
25,31,1631,12
25,32,1632,12
25,33,1633,13
25,34,1634,13
25,35,1635,13
25,36,1636,14
25,37,1637,14
25,38,1638,15
25,39,1639,15
25,40,1640,15
25,41,1641,16
25,42,1642,16
25,43,1643,17
25,44,1644,17
25,45,1645,17
25,46,1646,18
25,47,1647,18
25,48,1648,18
25,49,1649,19
25,50,1650,19
25,51,1651,20
25,52,1652,20
25,53,1653,20
25,54,1654,21
25,55,1655,21
25,56,1656,22
25,57,1657,22
25,58,1658,22
25,59,1659,23
25,60,1660,23
25,61,1661,24
25,62,1662,24
25,63,1663,24
26,0,1664,0
26,1,1665,0
26,2,1666,0
26,3,1667,1
26,4,1668,1
26,5,1669,1
26,6,1670,2
26,7,1671,2
26,8,1672,3
26,9,1673,3
26,10,1674,3
26,11,1675,4
26,12,1676,4
26,13,1677,4
26,14,1678,5
26,15,1679,5
26,16,1680,6
26,17,1681,6
26,18,1682,6
26,19,1683,7
26,20,1684,7
26,21,1685,8
26,22,1686,8
26,23,1687,8
26,24,1688,9
26,25,1689,9
26,26,1690,9
26,27,1691,10
26,28,1692,10
26,29,1693,11
26,30,1694,11
26,31,1695,11
26,32,1696,12
26,33,1697,12
26,34,1698,13
26,35,1699,13
26,36,1700,13
26,37,1701,14
26,38,1702,14
26,39,1703,14
26,40,1704,15
26,41,1705,15
26,42,1706,16
26,43,1707,16
26,44,1708,16
26,45,1709,17
26,46,1710,17
26,47,1711,18
26,48,1712,18
26,49,1713,18
26,50,1714,19
26,51,1715,19
26,52,1716,19
26,53,1717,20
26,54,1718,20
26,55,1719,21
26,56,1720,21
26,57,1721,21
26,58,1722,22
26,59,1723,22
26,60,1724,23
26,61,1725,23
26,62,1726,23
26,63,1727,24
27,0,1728,0
27,1,1729,0
27,2,1730,0
27,3,1731,1
27,4,1732,1
27,5,1733,1
27,6,1734,2
27,7,1735,2
27,8,1736,2
27,9,1737,3
27,10,1738,3
27,11,1739,4
27,12,1740,4
27,13,1741,4
27,14,1742,5
27,15,1743,5
27,16,1744,5
27,17,1745,6
27,18,1746,6
27,19,1747,7
27,20,1748,7
27,21,1749,7
27,22,1750,8
27,23,1751,8
27,24,1752,8
27,25,1753,9
27,26,1754,9
27,27,1755,10
27,28,1756,10
27,29,1757,10
27,30,1758,11
27,31,1759,11
27,32,1760,11
27,33,1761,12
27,34,1762,12
27,35,1763,13
27,36,1764,13
27,37,1765,13
27,38,1766,14
27,39,1767,14
27,40,1768,14
27,41,1769,15
27,42,1770,15
27,43,1771,16
27,44,1772,16
27,45,1773,16
27,46,1774,17
27,47,1775,17
27,48,1776,17
27,49,1777,18
27,50,1778,18
27,51,1779,19
27,52,1780,19
27,53,1781,19
27,54,1782,20
27,55,1783,20
27,56,1784,20
27,57,1785,21
27,58,1786,21
27,59,1787,22
27,60,1788,22
27,61,1789,22
27,62,1790,23
27,63,1791,23
28,0,1792,0
28,1,1793,0
28,2,1794,0
28,3,1795,1
28,4,1796,1
28,5,1797,1
28,6,1798,2
28,7,1799,2
28,8,1800,2
28,9,1801,3
28,10,1802,3
28,11,1803,4
28,12,1804,4
28,13,1805,4
28,14,1806,5
28,15,1807,5
28,16,1808,5
28,17,1809,6
28,18,1810,6
28,19,1811,6
28,20,1812,7
28,21,1813,7
28,22,1814,8
28,23,1815,8
28,24,1816,8
28,25,1817,9
28,26,1818,9
28,27,1819,9
28,28,1820,10
28,29,1821,10
28,30,1822,10
28,31,1823,11
28,32,1824,11
28,33,1825,12
28,34,1826,12
28,35,1827,12
28,36,1828,13
28,37,1829,13
28,38,1830,13
28,39,1831,14
28,40,1832,14
28,41,1833,14
28,42,1834,15
28,43,1835,15
28,44,1836,16
28,45,1837,16
28,46,1838,16
28,47,1839,17
28,48,1840,17
28,49,1841,17
28,50,1842,18
28,51,1843,18
28,52,1844,18
28,53,1845,19
28,54,1846,19
28,55,1847,20
28,56,1848,20
28,57,1849,20
28,58,1850,21
28,59,1851,21
28,60,1852,21
28,61,1853,22
28,62,1854,22
28,63,1855,22
29,0,1856,0
29,1,1857,0
29,2,1858,0
29,3,1859,1
29,4,1860,1
29,5,1861,1
29,6,1862,2
29,7,1863,2
29,8,1864,2
29,9,1865,3
29,10,1866,3
29,11,1867,3
29,12,1868,4
29,13,1869,4
29,14,1870,4
29,15,1871,5
29,16,1872,5
29,17,1873,6
29,18,1874,6
29,19,1875,6
29,20,1876,7
29,21,1877,7
29,22,1878,7
29,23,1879,8
29,24,1880,8
29,25,1881,8
29,26,1882,9
29,27,1883,9
29,28,1884,9
29,29,1885,10
29,30,1886,10
29,31,1887,11
29,32,1888,11
29,33,1889,11
29,34,1890,12
29,35,1891,12
29,36,1892,12
29,37,1893,13
29,38,1894,13
29,39,1895,13
29,40,1896,14
29,41,1897,14
29,42,1898,14
29,43,1899,15
29,44,1900,15
29,45,1901,15
29,46,1902,16
29,47,1903,16
29,48,1904,17
29,49,1905,17
29,50,1906,17
29,51,1907,18
29,52,1908,18
29,53,1909,18
29,54,1910,19
29,55,1911,19
29,56,1912,19
29,57,1913,20
29,58,1914,20
29,59,1915,20
29,60,1916,21
29,61,1917,21
29,62,1918,22
29,63,1919,22
30,0,1920,0
30,1,1921,0
30,2,1922,0
30,3,1923,1
30,4,1924,1
30,5,1925,1
30,6,1926,2
30,7,1927,2
30,8,1928,2
30,9,1929,3
30,10,1930,3
30,11,1931,3
30,12,1932,4
30,13,1933,4
30,14,1934,4
30,15,1935,5
30,16,1936,5
30,17,1937,5
30,18,1938,6
30,19,1939,6
30,20,1940,6
30,21,1941,7
30,22,1942,7
30,23,1943,7
30,24,1944,8
30,25,1945,8
30,26,1946,9
30,27,1947,9
30,28,1948,9
30,29,1949,10
30,30,1950,10
30,31,1951,10
30,32,1952,11
30,33,1953,11
30,34,1954,11
30,35,1955,12
30,36,1956,12
30,37,1957,12
30,38,1958,13
30,39,1959,13
30,40,1960,13
30,41,1961,14
30,42,1962,14
30,43,1963,14
30,44,1964,15
30,45,1965,15
30,46,1966,15
30,47,1967,16
30,48,1968,16
30,49,1969,16
30,50,1970,17
30,51,1971,17
30,52,1972,18
30,53,1973,18
30,54,1974,18
30,55,1975,19
30,56,1976,19
30,57,1977,19
30,58,1978,20
30,59,1979,20
30,60,1980,20
30,61,1981,21
30,62,1982,21
30,63,1983,21
31,0,1984,0
31,1,1985,0
31,2,1986,0
31,3,1987,1
31,4,1988,1
31,5,1989,1
31,6,1990,2
31,7,1991,2
31,8,1992,2
31,9,1993,3
31,10,1994,3
31,11,1995,3
31,12,1996,4
31,13,1997,4
31,14,1998,4
31,15,1999,5
31,16,2000,5
31,17,2001,5
31,18,2002,6
31,19,2003,6
31,20,2004,6
31,21,2005,7
31,22,2006,7
31,23,2007,7
31,24,2008,8
31,25,2009,8
31,26,2010,8
31,27,2011,9
31,28,2012,9
31,29,2013,9
31,30,2014,10
31,31,2015,10
31,32,2016,10
31,33,2017,11
31,34,2018,11
31,35,2019,11
31,36,2020,12
31,37,2021,12
31,38,2022,12
31,39,2023,13
31,40,2024,13
31,41,2025,13
31,42,2026,14
31,43,2027,14
31,44,2028,14
31,45,2029,15
31,46,2030,15
31,47,2031,15
31,48,2032,16
31,49,2033,16
31,50,2034,16
31,51,2035,17
31,52,2036,17
31,53,2037,17
31,54,2038,18
31,55,2039,18
31,56,2040,18
31,57,2041,19
31,58,2042,19
31,59,2043,19
31,60,2044,20
31,61,2045,20
31,62,2046,20
31,63,2047,21
32,0,2048,0
32,1,2049,0
32,2,2050,0
32,3,2051,0
32,4,2052,1
32,5,2053,1
32,6,2054,1
32,7,2055,2
32,8,2056,2
32,9,2057,2
32,10,2058,3
32,11,2059,3
32,12,2060,3
32,13,2061,4
32,14,2062,4
32,15,2063,4
32,16,2064,5
32,17,2065,5
32,18,2066,5
32,19,2067,6
32,20,2068,6
32,21,2069,6
32,22,2070,7
32,23,2071,7
32,24,2072,7
32,25,2073,8
32,26,2074,8
32,27,2075,8
32,28,2076,9
32,29,2077,9
32,30,2078,9
32,31,2079,10
32,32,2080,10
32,33,2081,10
32,34,2082,11
32,35,2083,11
32,36,2084,11
32,37,2085,12
32,38,2086,12
32,39,2087,12
32,40,2088,13
32,41,2089,13
32,42,2090,13
32,43,2091,14
32,44,2092,14
32,45,2093,14
32,46,2094,15
32,47,2095,15
32,48,2096,15
32,49,2097,16
32,50,2098,16
32,51,2099,16
32,52,2100,17
32,53,2101,17
32,54,2102,17
32,55,2103,18
32,56,2104,18
32,57,2105,18
32,58,2106,19
32,59,2107,19
32,60,2108,19
32,61,2109,20
32,62,2110,20
32,63,2111,20
33,0,2112,0
33,1,2113,0
33,2,2114,0
33,3,2115,0
33,4,2116,1
33,5,2117,1
33,6,2118,1
33,7,2119,2
33,8,2120,2
33,9,2121,2
33,10,2122,3
33,11,2123,3
33,12,2124,3
33,13,2125,4
33,14,2126,4
33,15,2127,4
33,16,2128,5
33,17,2129,5
33,18,2130,5
33,19,2131,6
33,20,2132,6
33,21,2133,6
33,22,2134,7
33,23,2135,7
33,24,2136,7
33,25,2137,8
33,26,2138,8
33,27,2139,8
33,28,2140,9
33,29,2141,9
33,30,2142,9
33,31,2143,9
33,32,2144,10
33,33,2145,10
33,34,2146,10
33,35,2147,11
33,36,2148,11
33,37,2149,11
33,38,2150,12
33,39,2151,12
33,40,2152,12
33,41,2153,13
33,42,2154,13
33,43,2155,13
33,44,2156,14
33,45,2157,14
33,46,2158,14
33,47,2159,15
33,48,2160,15
33,49,2161,15
33,50,2162,16
33,51,2163,16
33,52,2164,16
33,53,2165,17
33,54,2166,17
33,55,2167,17
33,56,2168,18
33,57,2169,18
33,58,2170,18
33,59,2171,18
33,60,2172,19
33,61,2173,19
33,62,2174,19
33,63,2175,20
34,0,2176,0
34,1,2177,0
34,2,2178,0
34,3,2179,0
34,4,2180,1
34,5,2181,1
34,6,2182,1
34,7,2183,2
34,8,2184,2
34,9,2185,2
34,10,2186,3
34,11,2187,3
34,12,2188,3
34,13,2189,4
34,14,2190,4
34,15,2191,4
34,16,2192,5
34,17,2193,5
34,18,2194,5
34,19,2195,5
34,20,2196,6
34,21,2197,6
34,22,2198,6
34,23,2199,7
34,24,2200,7
34,25,2201,7
34,26,2202,8
34,27,2203,8
34,28,2204,8
34,29,2205,9
34,30,2206,9
34,31,2207,9
34,32,2208,10
34,33,2209,10
34,34,2210,10
34,35,2211,10
34,36,2212,11
34,37,2213,11
34,38,2214,11
34,39,2215,12
34,40,2216,12
34,41,2217,12
34,42,2218,13
34,43,2219,13
34,44,2220,13
34,45,2221,14
34,46,2222,14
34,47,2223,14
34,48,2224,15
34,49,2225,15
34,50,2226,15
34,51,2227,16
34,52,2228,16
34,53,2229,16
34,54,2230,16
34,55,2231,17
34,56,2232,17
34,57,2233,17
34,58,2234,18
34,59,2235,18
34,60,2236,18
34,61,2237,19
34,62,2238,19
34,63,2239,19
35,0,2240,0
35,1,2241,0
35,2,2242,0
35,3,2243,0
35,4,2244,1
35,5,2245,1
35,6,2246,1
35,7,2247,2
35,8,2248,2
35,9,2249,2
35,10,2250,3
35,11,2251,3
35,12,2252,3
35,13,2253,3
35,14,2254,4
35,15,2255,4
35,16,2256,4
35,17,2257,5
35,18,2258,5
35,19,2259,5
35,20,2260,6
35,21,2261,6
35,22,2262,6
35,23,2263,7
35,24,2264,7
35,25,2265,7
35,26,2266,7
35,27,2267,8
35,28,2268,8
35,29,2269,8
35,30,2270,9
35,31,2271,9
35,32,2272,9
35,33,2273,10
35,34,2274,10
35,35,2275,10
35,36,2276,11
35,37,2277,11
35,38,2278,11
35,39,2279,11
35,40,2280,12
35,41,2281,12
35,42,2282,12
35,43,2283,13
35,44,2284,13
35,45,2285,13
35,46,2286,14
35,47,2287,14
35,48,2288,14
35,49,2289,15
35,50,2290,15
35,51,2291,15
35,52,2292,15
35,53,2293,16
35,54,2294,16
35,55,2295,16
35,56,2296,17
35,57,2297,17
35,58,2298,17
35,59,2299,18
35,60,2300,18
35,61,2301,18
35,62,2302,19
35,63,2303,19
36,0,2304,0
36,1,2305,0
36,2,2306,0
36,3,2307,0
36,4,2308,1
36,5,2309,1
36,6,2310,1
36,7,2311,2
36,8,2312,2
36,9,2313,2
36,10,2314,3
36,11,2315,3
36,12,2316,3
36,13,2317,3
36,14,2318,4
36,15,2319,4
36,16,2320,4
36,17,2321,5
36,18,2322,5
36,19,2323,5
36,20,2324,6
36,21,2325,6
36,22,2326,6
36,23,2327,6
36,24,2328,7
36,25,2329,7
36,26,2330,7
36,27,2331,8
36,28,2332,8
36,29,2333,8
36,30,2334,9
36,31,2335,9
36,32,2336,9
36,33,2337,9
36,34,2338,10
36,35,2339,10
36,36,2340,10
36,37,2341,11
36,38,2342,11
36,39,2343,11
36,40,2344,12
36,41,2345,12
36,42,2346,12
36,43,2347,12
36,44,2348,13
36,45,2349,13
36,46,2350,13
36,47,2351,14
36,48,2352,14
36,49,2353,14
36,50,2354,15
36,51,2355,15
36,52,2356,15
36,53,2357,15
36,54,2358,16
36,55,2359,16
36,56,2360,16
36,57,2361,17
36,58,2362,17
36,59,2363,17
36,60,2364,18
36,61,2365,18
36,62,2366,18
36,63,2367,18
37,0,2368,0
37,1,2369,0
37,2,2370,0
37,3,2371,0
37,4,2372,1
37,5,2373,1
37,6,2374,1
37,7,2375,2
37,8,2376,2
37,9,2377,2
37,10,2378,2
37,11,2379,3
37,12,2380,3
37,13,2381,3
37,14,2382,4
37,15,2383,4
37,16,2384,4
37,17,2385,4
37,18,2386,5
37,19,2387,5
37,20,2388,5
37,21,2389,6
37,22,2390,6
37,23,2391,6
37,24,2392,7
37,25,2393,7
37,26,2394,7
37,27,2395,7
37,28,2396,8
37,29,2397,8
37,30,2398,8
37,31,2399,9
37,32,2400,9
37,33,2401,9
37,34,2402,9
37,35,2403,10
37,36,2404,10
37,37,2405,10
37,38,2406,11
37,39,2407,11
37,40,2408,11
37,41,2409,12
37,42,2410,12
37,43,2411,12
37,44,2412,12
37,45,2413,13
37,46,2414,13
37,47,2415,13
37,48,2416,14
37,49,2417,14
37,50,2418,14
37,51,2419,14
37,52,2420,15
37,53,2421,15
37,54,2422,15
37,55,2423,16
37,56,2424,16
37,57,2425,16
37,58,2426,17
37,59,2427,17
37,60,2428,17
37,61,2429,17
37,62,2430,18
37,63,2431,18
38,0,2432,0
38,1,2433,0
38,2,2434,0
38,3,2435,0
38,4,2436,1
38,5,2437,1
38,6,2438,1
38,7,2439,2
38,8,2440,2
38,9,2441,2
38,10,2442,2
38,11,2443,3
38,12,2444,3
38,13,2445,3
38,14,2446,4
38,15,2447,4
38,16,2448,4
38,17,2449,4
38,18,2450,5
38,19,2451,5
38,20,2452,5
38,21,2453,6
38,22,2454,6
38,23,2455,6
38,24,2456,6
38,25,2457,7
38,26,2458,7
38,27,2459,7
38,28,2460,8
38,29,2461,8
38,30,2462,8
38,31,2463,8
38,32,2464,9
38,33,2465,9
38,34,2466,9
38,35,2467,10
38,36,2468,10
38,37,2469,10
38,38,2470,10
38,39,2471,11
38,40,2472,11
38,41,2473,11
38,42,2474,12
38,43,2475,12
38,44,2476,12
38,45,2477,12
38,46,2478,13
38,47,2479,13
38,48,2480,13
38,49,2481,14
38,50,2482,14
38,51,2483,14
38,52,2484,14
38,53,2485,15
38,54,2486,15
38,55,2487,15
38,56,2488,16
38,57,2489,16
38,58,2490,16
38,59,2491,16
38,60,2492,17
38,61,2493,17
38,62,2494,17
38,63,2495,18
39,0,2496,0
39,1,2497,0
39,2,2498,0
39,3,2499,0
39,4,2500,1
39,5,2501,1
39,6,2502,1
39,7,2503,1
39,8,2504,2
39,9,2505,2
39,10,2506,2
39,11,2507,3
39,12,2508,3
39,13,2509,3
39,14,2510,3
39,15,2511,4
39,16,2512,4
39,17,2513,4
39,18,2514,5
39,19,2515,5
39,20,2516,5
39,21,2517,5
39,22,2518,6
39,23,2519,6
39,24,2520,6
39,25,2521,7
39,26,2522,7
39,27,2523,7
39,28,2524,7
39,29,2525,8
39,30,2526,8
39,31,2527,8
39,32,2528,8
39,33,2529,9
39,34,2530,9
39,35,2531,9
39,36,2532,10
39,37,2533,10
39,38,2534,10
39,39,2535,10
39,40,2536,11
39,41,2537,11
39,42,2538,11
39,43,2539,12
39,44,2540,12
39,45,2541,12
39,46,2542,12
39,47,2543,13
39,48,2544,13
39,49,2545,13
39,50,2546,14
39,51,2547,14
39,52,2548,14
39,53,2549,14
39,54,2550,15
39,55,2551,15
39,56,2552,15
39,57,2553,16
39,58,2554,16
39,59,2555,16
39,60,2556,16
39,61,2557,17
39,62,2558,17
39,63,2559,17
40,0,2560,0
40,1,2561,0
40,2,2562,0
40,3,2563,0
40,4,2564,1
40,5,2565,1
40,6,2566,1
40,7,2567,1
40,8,2568,2
40,9,2569,2
40,10,2570,2
40,11,2571,3
40,12,2572,3
40,13,2573,3
40,14,2574,3
40,15,2575,4
40,16,2576,4
40,17,2577,4
40,18,2578,4
40,19,2579,5
40,20,2580,5
40,21,2581,5
40,22,2582,6
40,23,2583,6
40,24,2584,6
40,25,2585,6
40,26,2586,7
40,27,2587,7
40,28,2588,7
40,29,2589,7
40,30,2590,8
40,31,2591,8
40,32,2592,8
40,33,2593,9
40,34,2594,9
40,35,2595,9
40,36,2596,9
40,37,2597,10
40,38,2598,10
40,39,2599,10
40,40,2600,11
40,41,2601,11
40,42,2602,11
40,43,2603,11
40,44,2604,12
40,45,2605,12
40,46,2606,12
40,47,2607,12
40,48,2608,13
40,49,2609,13
40,50,2610,13
40,51,2611,14
40,52,2612,14
40,53,2613,14
40,54,2614,14
40,55,2615,15
40,56,2616,15
40,57,2617,15
40,58,2618,15
40,59,2619,16
40,60,2620,16
40,61,2621,16
40,62,2622,17
40,63,2623,17
41,0,2624,0
41,1,2625,0
41,2,2626,0
41,3,2627,0
41,4,2628,1
41,5,2629,1
41,6,2630,1
41,7,2631,1
41,8,2632,2
41,9,2633,2
41,10,2634,2
41,11,2635,2
41,12,2636,3
41,13,2637,3
41,14,2638,3
41,15,2639,4
41,16,2640,4
41,17,2641,4
41,18,2642,4
41,19,2643,5
41,20,2644,5
41,21,2645,5
41,22,2646,5
41,23,2647,6
41,24,2648,6
41,25,2649,6
41,26,2650,7
41,27,2651,7
41,28,2652,7
41,29,2653,7
41,30,2654,8
41,31,2655,8
41,32,2656,8
41,33,2657,8
41,34,2658,9
41,35,2659,9
41,36,2660,9
41,37,2661,9
41,38,2662,10
41,39,2663,10
41,40,2664,10
41,41,2665,11
41,42,2666,11
41,43,2667,11
41,44,2668,11
41,45,2669,12
41,46,2670,12
41,47,2671,12
41,48,2672,12
41,49,2673,13
41,50,2674,13
41,51,2675,13
41,52,2676,14
41,53,2677,14
41,54,2678,14
41,55,2679,14
41,56,2680,15
41,57,2681,15
41,58,2682,15
41,59,2683,15
41,60,2684,16
41,61,2685,16
41,62,2686,16
41,63,2687,16
42,0,2688,0
42,1,2689,0
42,2,2690,0
42,3,2691,0
42,4,2692,1
42,5,2693,1
42,6,2694,1
42,7,2695,1
42,8,2696,2
42,9,2697,2
42,10,2698,2
42,11,2699,2
42,12,2700,3
42,13,2701,3
42,14,2702,3
42,15,2703,3
42,16,2704,4
42,17,2705,4
42,18,2706,4
42,19,2707,5
42,20,2708,5
42,21,2709,5
42,22,2710,5
42,23,2711,6
42,24,2712,6
42,25,2713,6
42,26,2714,6
42,27,2715,7
42,28,2716,7
42,29,2717,7
42,30,2718,7
42,31,2719,8
42,32,2720,8
42,33,2721,8
42,34,2722,8
42,35,2723,9
42,36,2724,9
42,37,2725,9
42,38,2726,10
42,39,2727,10
42,40,2728,10
42,41,2729,10
42,42,2730,11
42,43,2731,11
42,44,2732,11
42,45,2733,11
42,46,2734,12
42,47,2735,12
42,48,2736,12
42,49,2737,12
42,50,2738,13
42,51,2739,13
42,52,2740,13
42,53,2741,13
42,54,2742,14
42,55,2743,14
42,56,2744,14
42,57,2745,15
42,58,2746,15
42,59,2747,15
42,60,2748,15
42,61,2749,16
42,62,2750,16
42,63,2751,16
43,0,2752,0
43,1,2753,0
43,2,2754,0
43,3,2755,0
43,4,2756,1
43,5,2757,1
43,6,2758,1
43,7,2759,1
43,8,2760,2
43,9,2761,2
43,10,2762,2
43,11,2763,2
43,12,2764,3
43,13,2765,3
43,14,2766,3
43,15,2767,3
43,16,2768,4
43,17,2769,4
43,18,2770,4
43,19,2771,4
43,20,2772,5
43,21,2773,5
43,22,2774,5
43,23,2775,5
43,24,2776,6
43,25,2777,6
43,26,2778,6
43,27,2779,6
43,28,2780,7
43,29,2781,7
43,30,2782,7
43,31,2783,8
43,32,2784,8
43,33,2785,8
43,34,2786,8
43,35,2787,9
43,36,2788,9
43,37,2789,9
43,38,2790,9
43,39,2791,10
43,40,2792,10
43,41,2793,10
43,42,2794,10
43,43,2795,11
43,44,2796,11
43,45,2797,11
43,46,2798,11
43,47,2799,12
43,48,2800,12
43,49,2801,12
43,50,2802,12
43,51,2803,13
43,52,2804,13
43,53,2805,13
43,54,2806,13
43,55,2807,14
43,56,2808,14
43,57,2809,14
43,58,2810,15
43,59,2811,15
43,60,2812,15
43,61,2813,15
43,62,2814,16
43,63,2815,16
44,0,2816,0
44,1,2817,0
44,2,2818,0
44,3,2819,0
44,4,2820,1
44,5,2821,1
44,6,2822,1
44,7,2823,1
44,8,2824,2
44,9,2825,2
44,10,2826,2
44,11,2827,2
44,12,2828,3
44,13,2829,3
44,14,2830,3
44,15,2831,3
44,16,2832,4
44,17,2833,4
44,18,2834,4
44,19,2835,4
44,20,2836,5
44,21,2837,5
44,22,2838,5
44,23,2839,5
44,24,2840,6
44,25,2841,6
44,26,2842,6
44,27,2843,6
44,28,2844,7
44,29,2845,7
44,30,2846,7
44,31,2847,7
44,32,2848,8
44,33,2849,8
44,34,2850,8
44,35,2851,8
44,36,2852,9
44,37,2853,9
44,38,2854,9
44,39,2855,9
44,40,2856,10
44,41,2857,10
44,42,2858,10
44,43,2859,10
44,44,2860,11
44,45,2861,11
44,46,2862,11
44,47,2863,11
44,48,2864,12
44,49,2865,12
44,50,2866,12
44,51,2867,12
44,52,2868,13
44,53,2869,13
44,54,2870,13
44,55,2871,13
44,56,2872,14
44,57,2873,14
44,58,2874,14
44,59,2875,14
44,60,2876,15
44,61,2877,15
44,62,2878,15
44,63,2879,15
45,0,2880,0
45,1,2881,0
45,2,2882,0
45,3,2883,0
45,4,2884,0
45,5,2885,1
45,6,2886,1
45,7,2887,1
45,8,2888,1
45,9,2889,2
45,10,2890,2
45,11,2891,2
45,12,2892,2
45,13,2893,3
45,14,2894,3
45,15,2895,3
45,16,2896,3
45,17,2897,4
45,18,2898,4
45,19,2899,4
45,20,2900,4
45,21,2901,5
45,22,2902,5
45,23,2903,5
45,24,2904,5
45,25,2905,6
45,26,2906,6
45,27,2907,6
45,28,2908,6
45,29,2909,7
45,30,2910,7
45,31,2911,7
45,32,2912,7
45,33,2913,8
45,34,2914,8
45,35,2915,8
45,36,2916,8
45,37,2917,9
45,38,2918,9
45,39,2919,9
45,40,2920,9
45,41,2921,10
45,42,2922,10
45,43,2923,10
45,44,2924,10
45,45,2925,11
45,46,2926,11
45,47,2927,11
45,48,2928,11
45,49,2929,12
45,50,2930,12
45,51,2931,12
45,52,2932,12
45,53,2933,13
45,54,2934,13
45,55,2935,13
45,56,2936,13
45,57,2937,14
45,58,2938,14
45,59,2939,14
45,60,2940,14
45,61,2941,15
45,62,2942,15
45,63,2943,15
46,0,2944,0
46,1,2945,0
46,2,2946,0
46,3,2947,0
46,4,2948,0
46,5,2949,1
46,6,2950,1
46,7,2951,1
46,8,2952,1
46,9,2953,2
46,10,2954,2
46,11,2955,2
46,12,2956,2
46,13,2957,3
46,14,2958,3
46,15,2959,3
46,16,2960,3
46,17,2961,4
46,18,2962,4
46,19,2963,4
46,20,2964,4
46,21,2965,5
46,22,2966,5
46,23,2967,5
46,24,2968,5
46,25,2969,6
46,26,2970,6
46,27,2971,6
46,28,2972,6
46,29,2973,7
46,30,2974,7
46,31,2975,7
46,32,2976,7
46,33,2977,8
46,34,2978,8
46,35,2979,8
46,36,2980,8
46,37,2981,9
46,38,2982,9
46,39,2983,9
46,40,2984,9
46,41,2985,10
46,42,2986,10
46,43,2987,10
46,44,2988,10
46,45,2989,10
46,46,2990,11
46,47,2991,11
46,48,2992,11
46,49,2993,11
46,50,2994,12
46,51,2995,12
46,52,2996,12
46,53,2997,12
46,54,2998,13
46,55,2999,13
46,56,3000,13
46,57,3001,13
46,58,3002,14
46,59,3003,14
46,60,3004,14
46,61,3005,14
46,62,3006,15
46,63,3007,15
47,0,3008,0
47,1,3009,0
47,2,3010,0
47,3,3011,0
47,4,3012,0
47,5,3013,1
47,6,3014,1
47,7,3015,1
47,8,3016,1
47,9,3017,2
47,10,3018,2
47,11,3019,2
47,12,3020,2
47,13,3021,3
47,14,3022,3
47,15,3023,3
47,16,3024,3
47,17,3025,4
47,18,3026,4
47,19,3027,4
47,20,3028,4
47,21,3029,5
47,22,3030,5
47,23,3031,5
47,24,3032,5
47,25,3033,5
47,26,3034,6
47,27,3035,6
47,28,3036,6
47,29,3037,6
47,30,3038,7
47,31,3039,7
47,32,3040,7
47,33,3041,7
47,34,3042,8
47,35,3043,8
47,36,3044,8
47,37,3045,8
47,38,3046,9
47,39,3047,9
47,40,3048,9
47,41,3049,9
47,42,3050,10
47,43,3051,10
47,44,3052,10
47,45,3053,10
47,46,3054,11
47,47,3055,11
47,48,3056,11
47,49,3057,11
47,50,3058,11
47,51,3059,12
47,52,3060,12
47,53,3061,12
47,54,3062,12
47,55,3063,13
47,56,3064,13
47,57,3065,13
47,58,3066,13
47,59,3067,14
47,60,3068,14
47,61,3069,14
47,62,3070,14
47,63,3071,15
48,0,3072,0
48,1,3073,0
48,2,3074,0
48,3,3075,0
48,4,3076,0
48,5,3077,1
48,6,3078,1
48,7,3079,1
48,8,3080,1
48,9,3081,2
48,10,3082,2
48,11,3083,2
48,12,3084,2
48,13,3085,3
48,14,3086,3
48,15,3087,3
48,16,3088,3
48,17,3089,3
48,18,3090,4
48,19,3091,4
48,20,3092,4
48,21,3093,4
48,22,3094,5
48,23,3095,5
48,24,3096,5
48,25,3097,5
48,26,3098,6
48,27,3099,6
48,28,3100,6
48,29,3101,6
48,30,3102,7
48,31,3103,7
48,32,3104,7
48,33,3105,7
48,34,3106,7
48,35,3107,8
48,36,3108,8
48,37,3109,8
48,38,3110,8
48,39,3111,9
48,40,3112,9
48,41,3113,9
48,42,3114,9
48,43,3115,10
48,44,3116,10
48,45,3117,10
48,46,3118,10
48,47,3119,11
48,48,3120,11
48,49,3121,11
48,50,3122,11
48,51,3123,11
48,52,3124,12
48,53,3125,12
48,54,3126,12
48,55,3127,12
48,56,3128,13
48,57,3129,13
48,58,3130,13
48,59,3131,13
48,60,3132,14
48,61,3133,14
48,62,3134,14
48,63,3135,14
49,0,3136,0
49,1,3137,0
49,2,3138,0
49,3,3139,0
49,4,3140,0
49,5,3141,1
49,6,3142,1
49,7,3143,1
49,8,3144,1
49,9,3145,2
49,10,3146,2
49,11,3147,2
49,12,3148,2
49,13,3149,2
49,14,3150,3
49,15,3151,3
49,16,3152,3
49,17,3153,3
49,18,3154,4
49,19,3155,4
49,20,3156,4
49,21,3157,4
49,22,3158,5
49,23,3159,5
49,24,3160,5
49,25,3161,5
49,26,3162,5
49,27,3163,6
49,28,3164,6
49,29,3165,6
49,30,3166,6
49,31,3167,7
49,32,3168,7
49,33,3169,7
49,34,3170,7
49,35,3171,8
49,36,3172,8
49,37,3173,8
49,38,3174,8
49,39,3175,8
49,40,3176,9
49,41,3177,9
49,42,3178,9
49,43,3179,9
49,44,3180,10
49,45,3181,10
49,46,3182,10
49,47,3183,10
49,48,3184,11
49,49,3185,11
49,50,3186,11
49,51,3187,11
49,52,3188,11
49,53,3189,12
49,54,3190,12
49,55,3191,12
49,56,3192,12
49,57,3193,13
49,58,3194,13
49,59,3195,13
49,60,3196,13
49,61,3197,14
49,62,3198,14
49,63,3199,14
50,0,3200,0
50,1,3201,0
50,2,3202,0
50,3,3203,0
50,4,3204,0
50,5,3205,1
50,6,3206,1
50,7,3207,1
50,8,3208,1
50,9,3209,2
50,10,3210,2
50,11,3211,2
50,12,3212,2
50,13,3213,2
50,14,3214,3
50,15,3215,3
50,16,3216,3
50,17,3217,3
50,18,3218,4
50,19,3219,4
50,20,3220,4
50,21,3221,4
50,22,3222,4
50,23,3223,5
50,24,3224,5
50,25,3225,5
50,26,3226,5
50,27,3227,6
50,28,3228,6
50,29,3229,6
50,30,3230,6
50,31,3231,7
50,32,3232,7
50,33,3233,7
50,34,3234,7
50,35,3235,7
50,36,3236,8
50,37,3237,8
50,38,3238,8
50,39,3239,8
50,40,3240,9
50,41,3241,9
50,42,3242,9
50,43,3243,9
50,44,3244,9
50,45,3245,10
50,46,3246,10
50,47,3247,10
50,48,3248,10
50,49,3249,11
50,50,3250,11
50,51,3251,11
50,52,3252,11
50,53,3253,11
50,54,3254,12
50,55,3255,12
50,56,3256,12
50,57,3257,12
50,58,3258,13
50,59,3259,13
50,60,3260,13
50,61,3261,13
50,62,3262,14
50,63,3263,14
51,0,3264,0
51,1,3265,0
51,2,3266,0
51,3,3267,0
51,4,3268,0
51,5,3269,1
51,6,3270,1
51,7,3271,1
51,8,3272,1
51,9,3273,2
51,10,3274,2
51,11,3275,2
51,12,3276,2
51,13,3277,2
51,14,3278,3
51,15,3279,3
51,16,3280,3
51,17,3281,3
51,18,3282,4
51,19,3283,4
51,20,3284,4
51,21,3285,4
51,22,3286,4
51,23,3287,5
51,24,3288,5
51,25,3289,5
51,26,3290,5
51,27,3291,6
51,28,3292,6
51,29,3293,6
51,30,3294,6
51,31,3295,6
51,32,3296,7
51,33,3297,7
51,34,3298,7
51,35,3299,7
51,36,3300,8
51,37,3301,8
51,38,3302,8
51,39,3303,8
51,40,3304,8
51,41,3305,9
51,42,3306,9
51,43,3307,9
51,44,3308,9
51,45,3309,10
51,46,3310,10
51,47,3311,10
51,48,3312,10
51,49,3313,10
51,50,3314,11
51,51,3315,11
51,52,3316,11
51,53,3317,11
51,54,3318,12
51,55,3319,12
51,56,3320,12
51,57,3321,12
51,58,3322,12
51,59,3323,13
51,60,3324,13
51,61,3325,13
51,62,3326,13
51,63,3327,14
52,0,3328,0
52,1,3329,0
52,2,3330,0
52,3,3331,0
52,4,3332,0
52,5,3333,1
52,6,3334,1
52,7,3335,1
52,8,3336,1
52,9,3337,1
52,10,3338,2
52,11,3339,2
52,12,3340,2
52,13,3341,2
52,14,3342,3
52,15,3343,3
52,16,3344,3
52,17,3345,3
52,18,3346,3
52,19,3347,4
52,20,3348,4
52,21,3349,4
52,22,3350,4
52,23,3351,5
52,24,3352,5
52,25,3353,5
52,26,3354,5
52,27,3355,5
52,28,3356,6
52,29,3357,6
52,30,3358,6
52,31,3359,6
52,32,3360,6
52,33,3361,7
52,34,3362,7
52,35,3363,7
52,36,3364,7
52,37,3365,8
52,38,3366,8
52,39,3367,8
52,40,3368,8
52,41,3369,8
52,42,3370,9
52,43,3371,9
52,44,3372,9
52,45,3373,9
52,46,3374,10
52,47,3375,10
52,48,3376,10
52,49,3377,10
52,50,3378,10
52,51,3379,11
52,52,3380,11
52,53,3381,11
52,54,3382,11
52,55,3383,12
52,56,3384,12
52,57,3385,12
52,58,3386,12
52,59,3387,12
52,60,3388,13
52,61,3389,13
52,62,3390,13
52,63,3391,13
53,0,3392,0
53,1,3393,0
53,2,3394,0
53,3,3395,0
53,4,3396,0
53,5,3397,1
53,6,3398,1
53,7,3399,1
53,8,3400,1
53,9,3401,1
53,10,3402,2
53,11,3403,2
53,12,3404,2
53,13,3405,2
53,14,3406,3
53,15,3407,3
53,16,3408,3
53,17,3409,3
53,18,3410,3
53,19,3411,4
53,20,3412,4
53,21,3413,4
53,22,3414,4
53,23,3415,4
53,24,3416,5
53,25,3417,5
53,26,3418,5
53,27,3419,5
53,28,3420,6
53,29,3421,6
53,30,3422,6
53,31,3423,6
53,32,3424,6
53,33,3425,7
53,34,3426,7
53,35,3427,7
53,36,3428,7
53,37,3429,7
53,38,3430,8
53,39,3431,8
53,40,3432,8
53,41,3433,8
53,42,3434,9
53,43,3435,9
53,44,3436,9
53,45,3437,9
53,46,3438,9
53,47,3439,10
53,48,3440,10
53,49,3441,10
53,50,3442,10
53,51,3443,10
53,52,3444,11
53,53,3445,11
53,54,3446,11
53,55,3447,11
53,56,3448,12
53,57,3449,12
53,58,3450,12
53,59,3451,12
53,60,3452,12
53,61,3453,13
53,62,3454,13
53,63,3455,13
54,0,3456,0
54,1,3457,0
54,2,3458,0
54,3,3459,0
54,4,3460,0
54,5,3461,1
54,6,3462,1
54,7,3463,1
54,8,3464,1
54,9,3465,1
54,10,3466,2
54,11,3467,2
54,12,3468,2
54,13,3469,2
54,14,3470,2
54,15,3471,3
54,16,3472,3
54,17,3473,3
54,18,3474,3
54,19,3475,4
54,20,3476,4
54,21,3477,4
54,22,3478,4
54,23,3479,4
54,24,3480,5
54,25,3481,5
54,26,3482,5
54,27,3483,5
54,28,3484,5
54,29,3485,6
54,30,3486,6
54,31,3487,6
54,32,3488,6
54,33,3489,6
54,34,3490,7
54,35,3491,7
54,36,3492,7
54,37,3493,7
54,38,3494,8
54,39,3495,8
54,40,3496,8
54,41,3497,8
54,42,3498,8
54,43,3499,9
54,44,3500,9
54,45,3501,9
54,46,3502,9
54,47,3503,9
54,48,3504,10
54,49,3505,10
54,50,3506,10
54,51,3507,10
54,52,3508,10
54,53,3509,11
54,54,3510,11
54,55,3511,11
54,56,3512,11
54,57,3513,12
54,58,3514,12
54,59,3515,12
54,60,3516,12
54,61,3517,12
54,62,3518,13
54,63,3519,13
55,0,3520,0
55,1,3521,0
55,2,3522,0
55,3,3523,0
55,4,3524,0
55,5,3525,1
55,6,3526,1
55,7,3527,1
55,8,3528,1
55,9,3529,1
55,10,3530,2
55,11,3531,2
55,12,3532,2
55,13,3533,2
55,14,3534,2
55,15,3535,3
55,16,3536,3
55,17,3537,3
55,18,3538,3
55,19,3539,3
55,20,3540,4
55,21,3541,4
55,22,3542,4
55,23,3543,4
55,24,3544,4
55,25,3545,5
55,26,3546,5
55,27,3547,5
55,28,3548,5
55,29,3549,6
55,30,3550,6
55,31,3551,6
55,32,3552,6
55,33,3553,6
55,34,3554,7
55,35,3555,7
55,36,3556,7
55,37,3557,7
55,38,3558,7
55,39,3559,8
55,40,3560,8
55,41,3561,8
55,42,3562,8
55,43,3563,8
55,44,3564,9
55,45,3565,9
55,46,3566,9
55,47,3567,9
55,48,3568,9
55,49,3569,10
55,50,3570,10
55,51,3571,10
55,52,3572,10
55,53,3573,10
55,54,3574,11
55,55,3575,11
55,56,3576,11
55,57,3577,11
55,58,3578,12
55,59,3579,12
55,60,3580,12
55,61,3581,12
55,62,3582,12
55,63,3583,13
56,0,3584,0
56,1,3585,0
56,2,3586,0
56,3,3587,0
56,4,3588,0
56,5,3589,1
56,6,3590,1
56,7,3591,1
56,8,3592,1
56,9,3593,1
56,10,3594,2
56,11,3595,2
56,12,3596,2
56,13,3597,2
56,14,3598,2
56,15,3599,3
56,16,3600,3
56,17,3601,3
56,18,3602,3
56,19,3603,3
56,20,3604,4
56,21,3605,4
56,22,3606,4
56,23,3607,4
56,24,3608,4
56,25,3609,5
56,26,3610,5
56,27,3611,5
56,28,3612,5
56,29,3613,5
56,30,3614,6
56,31,3615,6
56,32,3616,6
56,33,3617,6
56,34,3618,6
56,35,3619,7
56,36,3620,7
56,37,3621,7
56,38,3622,7
56,39,3623,7
56,40,3624,8
56,41,3625,8
56,42,3626,8
56,43,3627,8
56,44,3628,8
56,45,3629,9
56,46,3630,9
56,47,3631,9
56,48,3632,9
56,49,3633,9
56,50,3634,10
56,51,3635,10
56,52,3636,10
56,53,3637,10
56,54,3638,11
56,55,3639,11
56,56,3640,11
56,57,3641,11
56,58,3642,11
56,59,3643,12
56,60,3644,12
56,61,3645,12
56,62,3646,12
56,63,3647,12
57,0,3648,0
57,1,3649,0
57,2,3650,0
57,3,3651,0
57,4,3652,0
57,5,3653,1
57,6,3654,1
57,7,3655,1
57,8,3656,1
57,9,3657,1
57,10,3658,2
57,11,3659,2
57,12,3660,2
57,13,3661,2
57,14,3662,2
57,15,3663,3
57,16,3664,3
57,17,3665,3
57,18,3666,3
57,19,3667,3
57,20,3668,4
57,21,3669,4
57,22,3670,4
57,23,3671,4
57,24,3672,4
57,25,3673,5
57,26,3674,5
57,27,3675,5
57,28,3676,5
57,29,3677,5
57,30,3678,6
57,31,3679,6
57,32,3680,6
57,33,3681,6
57,34,3682,6
57,35,3683,7
57,36,3684,7
57,37,3685,7
57,38,3686,7
57,39,3687,7
57,40,3688,8
57,41,3689,8
57,42,3690,8
57,43,3691,8
57,44,3692,8
57,45,3693,9
57,46,3694,9
57,47,3695,9
57,48,3696,9
57,49,3697,9
57,50,3698,10
57,51,3699,10
57,52,3700,10
57,53,3701,10
57,54,3702,10
57,55,3703,11
57,56,3704,11
57,57,3705,11
57,58,3706,11
57,59,3707,11
57,60,3708,12
57,61,3709,12
57,62,3710,12
57,63,3711,12
58,0,3712,0
58,1,3713,0
58,2,3714,0
58,3,3715,0
58,4,3716,0
58,5,3717,0
58,6,3718,1
58,7,3719,1
58,8,3720,1
58,9,3721,1
58,10,3722,1
58,11,3723,2
58,12,3724,2
58,13,3725,2
58,14,3726,2
58,15,3727,2
58,16,3728,3
58,17,3729,3
58,18,3730,3
58,19,3731,3
58,20,3732,3
58,21,3733,4
58,22,3734,4
58,23,3735,4
58,24,3736,4
58,25,3737,4
58,26,3738,5
58,27,3739,5
58,28,3740,5
58,29,3741,5
58,30,3742,5
58,31,3743,6
58,32,3744,6
58,33,3745,6
58,34,3746,6
58,35,3747,6
58,36,3748,7
58,37,3749,7
58,38,3750,7
58,39,3751,7
58,40,3752,7
58,41,3753,8
58,42,3754,8
58,43,3755,8
58,44,3756,8
58,45,3757,8
58,46,3758,9
58,47,3759,9
58,48,3760,9
58,49,3761,9
58,50,3762,9
58,51,3763,10
58,52,3764,10
58,53,3765,10
58,54,3766,10
58,55,3767,10
58,56,3768,11
58,57,3769,11
58,58,3770,11
58,59,3771,11
58,60,3772,11
58,61,3773,12
58,62,3774,12
58,63,3775,12
59,0,3776,0
59,1,3777,0
59,2,3778,0
59,3,3779,0
59,4,3780,0
59,5,3781,0
59,6,3782,1
59,7,3783,1
59,8,3784,1
59,9,3785,1
59,10,3786,1
59,11,3787,2
59,12,3788,2
59,13,3789,2
59,14,3790,2
59,15,3791,2
59,16,3792,3
59,17,3793,3
59,18,3794,3
59,19,3795,3
59,20,3796,3
59,21,3797,4
59,22,3798,4
59,23,3799,4
59,24,3800,4
59,25,3801,4
59,26,3802,5
59,27,3803,5
59,28,3804,5
59,29,3805,5
59,30,3806,5
59,31,3807,6
59,32,3808,6
59,33,3809,6
59,34,3810,6
59,35,3811,6
59,36,3812,6
59,37,3813,7
59,38,3814,7
59,39,3815,7
59,40,3816,7
59,41,3817,7
59,42,3818,8
59,43,3819,8
59,44,3820,8
59,45,3821,8
59,46,3822,8
59,47,3823,9
59,48,3824,9
59,49,3825,9
59,50,3826,9
59,51,3827,9
59,52,3828,10
59,53,3829,10
59,54,3830,10
59,55,3831,10
59,56,3832,10
59,57,3833,11
59,58,3834,11
59,59,3835,11
59,60,3836,11
59,61,3837,11
59,62,3838,12
59,63,3839,12
60,0,3840,0
60,1,3841,0
60,2,3842,0
60,3,3843,0
60,4,3844,0
60,5,3845,0
60,6,3846,1
60,7,3847,1
60,8,3848,1
60,9,3849,1
60,10,3850,1
60,11,3851,2
60,12,3852,2
60,13,3853,2
60,14,3854,2
60,15,3855,2
60,16,3856,3
60,17,3857,3
60,18,3858,3
60,19,3859,3
60,20,3860,3
60,21,3861,4
60,22,3862,4
60,23,3863,4
60,24,3864,4
60,25,3865,4
60,26,3866,4
60,27,3867,5
60,28,3868,5
60,29,3869,5
60,30,3870,5
60,31,3871,5
60,32,3872,6
60,33,3873,6
60,34,3874,6
60,35,3875,6
60,36,3876,6
60,37,3877,7
60,38,3878,7
60,39,3879,7
60,40,3880,7
60,41,3881,7
60,42,3882,8
60,43,3883,8
60,44,3884,8
60,45,3885,8
60,46,3886,8
60,47,3887,8
60,48,3888,9
60,49,3889,9
60,50,3890,9
60,51,3891,9
60,52,3892,9
60,53,3893,10
60,54,3894,10
60,55,3895,10
60,56,3896,10
60,57,3897,10
60,58,3898,11
60,59,3899,11
60,60,3900,11
60,61,3901,11
60,62,3902,11
60,63,3903,12
61,0,3904,0
61,1,3905,0
61,2,3906,0
61,3,3907,0
61,4,3908,0
61,5,3909,0
61,6,3910,1
61,7,3911,1
61,8,3912,1
61,9,3913,1
61,10,3914,1
61,11,3915,2
61,12,3916,2
61,13,3917,2
61,14,3918,2
61,15,3919,2
61,16,3920,3
61,17,3921,3
61,18,3922,3
61,19,3923,3
61,20,3924,3
61,21,3925,3
61,22,3926,4
61,23,3927,4
61,24,3928,4
61,25,3929,4
61,26,3930,4
61,27,3931,5
61,28,3932,5
61,29,3933,5
61,30,3934,5
61,31,3935,5
61,32,3936,6
61,33,3937,6
61,34,3938,6
61,35,3939,6
61,36,3940,6
61,37,3941,6
61,38,3942,7
61,39,3943,7
61,40,3944,7
61,41,3945,7
61,42,3946,7
61,43,3947,8
61,44,3948,8
61,45,3949,8
61,46,3950,8
61,47,3951,8
61,48,3952,9
61,49,3953,9
61,50,3954,9
61,51,3955,9
61,52,3956,9
61,53,3957,9
61,54,3958,10
61,55,3959,10
61,56,3960,10
61,57,3961,10
61,58,3962,10
61,59,3963,11
61,60,3964,11
61,61,3965,11
61,62,3966,11
61,63,3967,11
62,0,3968,0
62,1,3969,0
62,2,3970,0
62,3,3971,0
62,4,3972,0
62,5,3973,0
62,6,3974,1
62,7,3975,1
62,8,3976,1
62,9,3977,1
62,10,3978,1
62,11,3979,2
62,12,3980,2
62,13,3981,2
62,14,3982,2
62,15,3983,2
62,16,3984,2
62,17,3985,3
62,18,3986,3
62,19,3987,3
62,20,3988,3
62,21,3989,3
62,22,3990,4
62,23,3991,4
62,24,3992,4
62,25,3993,4
62,26,3994,4
62,27,3995,4
62,28,3996,5
62,29,3997,5
62,30,3998,5
62,31,3999,5
62,32,4000,5
62,33,4001,6
62,34,4002,6
62,35,4003,6
62,36,4004,6
62,37,4005,6
62,38,4006,7
62,39,4007,7
62,40,4008,7
62,41,4009,7
62,42,4010,7
62,43,4011,7
62,44,4012,8
62,45,4013,8
62,46,4014,8
62,47,4015,8
62,48,4016,8
62,49,4017,9
62,50,4018,9
62,51,4019,9
62,52,4020,9
62,53,4021,9
62,54,4022,9
62,55,4023,10
62,56,4024,10
62,57,4025,10
62,58,4026,10
62,59,4027,10
62,60,4028,11
62,61,4029,11
62,62,4030,11
62,63,4031,11
63,0,4032,0
63,1,4033,0
63,2,4034,0
63,3,4035,0
63,4,4036,0
63,5,4037,0
63,6,4038,1
63,7,4039,1
63,8,4040,1
63,9,4041,1
63,10,4042,1
63,11,4043,1
63,12,4044,2
63,13,4045,2
63,14,4046,2
63,15,4047,2
63,16,4048,2
63,17,4049,3
63,18,4050,3
63,19,4051,3
63,20,4052,3
63,21,4053,3
63,22,4054,3
63,23,4055,4
63,24,4056,4
63,25,4057,4
63,26,4058,4
63,27,4059,4
63,28,4060,5
63,29,4061,5
63,30,4062,5
63,31,4063,5
63,32,4064,5
63,33,4065,5
63,34,4066,6
63,35,4067,6
63,36,4068,6
63,37,4069,6
63,38,4070,6
63,39,4071,7
63,40,4072,7
63,41,4073,7
63,42,4074,7
63,43,4075,7
63,44,4076,7
63,45,4077,8
63,46,4078,8
63,47,4079,8
63,48,4080,8
63,49,4081,8
63,50,4082,9
63,51,4083,9
63,52,4084,9
63,53,4085,9
63,54,4086,9
63,55,4087,9
63,56,4088,10
63,57,4089,10
63,58,4090,10
63,59,4091,10
63,60,4092,10
63,61,4093,11
63,62,4094,11
63,63,4095,11
